<?xml version="1.0" encoding="utf-8"?>
<!--/391755/877297/2.50/2/2/Capacitor Polarised/-->
<quadcept_library>
  <setting unit="mil" />
  <textstyle name="Default" height="47.244094488189" strokewidth="7.8740157480315" charwidth="47.244094488189" />
  <textstyle name="Dimension" height="19.6850393700787" strokewidth="0" charwidth="19.6850393700787" />
  <textstyle name="H127W0635TH00762" height="50" strokewidth="3" charwidth="25" />
  <textstyle name="H15W15TH02" height="59.0551181102362" strokewidth="7.8740157480315" charwidth="59.0551181102362" />
  <padstyle name="r350_160" surface="True" plated="False" isvia="False" nopaste="False" nomask="True" complex="False" holesize="0">
    <padshape layer="TOP" shape="rectangle" width="62.992125984251" height="137.79527559055" />
    <padshape layer="TOP_SOLDER_MASK" shape="rectangle" width="70.866141732283" height="145.66929133858" />
    <padshape layer="TOP_SOLDER_PASTE" shape="rectangle" width="62.992125984251" height="137.79527559055" />
  </padstyle>
  <footprint name="16SVF180M" originx="0" originy="0" pickpointx="0" pickpointy="0">
    <pcbpin number="1" name="1" style="r350_160" originx="0" originy="-110.23622047244" rotation="0" />
    <pcbpin number="2" name="2" style="r350_160" originx="0" originy="110.23622047244" rotation="0" />
    <line layer="TOP_PLACE_BOUND" originx="-169.29133858268" originy="218.50393700787" endx="169.29133858268" endy="218.50393700787" width="3.9370078740157" />
    <line layer="TOP_PLACE_BOUND" originx="169.29133858268" originy="218.50393700787" endx="169.29133858268" endy="-218.50393700787" width="3.9370078740157" />
    <line layer="TOP_PLACE_BOUND" originx="169.29133858268" originy="-218.50393700787" endx="-169.29133858268" endy="-218.50393700787" width="3.9370078740157" />
    <line layer="TOP_PLACE_BOUND" originx="-169.29133858268" originy="-218.50393700787" endx="-169.29133858268" endy="218.50393700787" width="3.9370078740157" />
    <line layer="TOP_SILKSCREEN" originx="0" originy="-200.7874015748" endx="0" endy="-200.7874015748" width="7.8740157480314" />
    <arc layer="TOP_SILKSCREEN" originx="1.0381022375924E-14" originy="-202.75590551181" startangle="90.0" sweepangle="180.0" radius="1.9685039370079" width="7.8740157480314" />
    <line layer="TOP_SILKSCREEN" originx="0" originy="-204.72440944882" endx="0" endy="-204.72440944882" width="7.8740157480314" />
    <arc layer="TOP_SILKSCREEN" originx="1.0381022375924E-14" originy="-202.75590551181" startangle="-90.0" sweepangle="180.0" radius="1.9685039370079" width="7.8740157480314" />
    <line layer="TOP_SILKSCREEN" originx="0" originy="-200.7874015748" endx="0" endy="-200.7874015748" width="7.8740157480314" />
    <arc layer="TOP_SILKSCREEN" originx="1.0381022375924E-14" originy="-202.75590551181" startangle="90.0" sweepangle="180.0" radius="1.9685039370079" width="7.8740157480314" />
    <line layer="TOP_ASSEMBLY" originx="-129.92125984252" originy="106.29921259842" endx="-129.92125984252" endy="-70.866141732283" width="3.9370078740157" />
    <line layer="TOP_ASSEMBLY" originx="-129.92125984252" originy="-70.866141732283" endx="-70.866141732283" endy="-129.92125984252" width="3.9370078740157" />
    <line layer="TOP_ASSEMBLY" originx="-70.866141732283" originy="-129.92125984252" endx="70.866141732283" endy="-129.92125984252" width="3.9370078740157" />
    <line layer="TOP_ASSEMBLY" originx="70.866141732283" originy="-129.92125984252" endx="129.92125984252" endy="-70.866141732283" width="3.9370078740157" />
    <line layer="TOP_ASSEMBLY" originx="129.92125984252" originy="-70.866141732283" endx="129.92125984252" endy="129.92125984252" width="3.9370078740157" />
    <line layer="TOP_ASSEMBLY" originx="129.92125984252" originy="129.92125984252" endx="-129.92125984252" endy="129.92125984252" width="3.9370078740157" />
    <line layer="TOP_ASSEMBLY" originx="-129.92125984252" originy="129.92125984252" endx="-129.92125984252" endy="106.29921259842" width="3.9370078740157" />
    <line layer="TOP_SILKSCREEN" originx="-59.055118110235" originy="129.92125984252" endx="-129.92125984252" endy="129.92125984252" width="7.8740157480314" />
    <line layer="TOP_SILKSCREEN" originx="-129.92125984252" originy="129.92125984252" endx="-129.92125984252" endy="-70.866141732283" width="7.8740157480314" />
    <line layer="TOP_SILKSCREEN" originx="-129.92125984252" originy="-70.866141732283" endx="-70.866141732283" endy="-129.92125984252" width="7.8740157480314" />
    <line layer="TOP_SILKSCREEN" originx="-70.866141732283" originy="-129.92125984252" endx="-59.055118110235" endy="-129.92125984252" width="7.8740157480314" />
    <line layer="TOP_SILKSCREEN" originx="59.055118110235" originy="-129.92125984252" endx="70.866141732283" endy="-129.92125984252" width="7.8740157480314" />
    <line layer="TOP_SILKSCREEN" originx="70.866141732283" originy="-129.92125984252" endx="129.92125984252" endy="-70.866141732283" width="7.8740157480314" />
    <line layer="TOP_SILKSCREEN" originx="129.92125984252" originy="-70.866141732283" endx="129.92125984252" endy="129.92125984252" width="7.8740157480314" />
    <line layer="TOP_SILKSCREEN" originx="129.92125984252" originy="129.92125984252" endx="59.055118110235" endy="129.92125984252" width="7.8740157480314" />
  </footprint>
  <symbol name="25SVPF47M" originx="0" originy="0">
    <line originx="200" originy="100" endx="200" endy="-100" width="0" />
    <line originx="230" originy="-100" endx="200" endy="-100" width="0" />
    <line originx="230" originy="-100" endx="230" endy="100" width="0" />
    <line originx="200" originy="100" endx="230" endy="100" width="0" />
    <line originx="180" originy="50" endx="140" endy="50" width="0" />
    <line originx="160" originy="70" endx="160" endy="30" width="0" />
    <line originx="100" originy="0" endx="200" endy="0" width="0" />
    <line originx="300" originy="0" endx="400" endy="0" width="0" />
    <sympin number="1" originx="100" originy="0" rotation="180" length="100" width="7.8740157480315" flipped="False">
      <text name="pinname" originx="0" originy="-10" style="Default" rotation="0" justify="upperleft" flipped="False" hidden="True" data="+" />
      <text name="pindes" originx="0" originy="10" style="Default" rotation="0" justify="lowerleft" flipped="False" hidden="False" data="1" />
    </sympin>
    <sympin number="2" originx="400" originy="0" rotation="0" length="100" width="7.8740157480315" flipped="False">
      <text name="pinname" originx="500" originy="-10" style="Default" rotation="0" justify="upperright" flipped="False" hidden="True" data="-" />
      <text name="pindes" originx="500" originy="10" style="Default" rotation="0" justify="lowerright" flipped="False" hidden="False" data="2" />
    </sympin>
    <polygon type="polygon">
      <point x="300" y="100" />
      <point x="300" y="-100" />
      <point x="270" y="-100" />
      <point x="270" y="100" />
    </polygon>
  </symbol>
  <component name="25SVPF47M" designatorprefix="C" height="236.22047244094" footprint="16SVF180M">
    <comppin designator="1" sympin="1" pinswap="0" gateswap="0" gate="1" group="1" side="" type="Any" name="+" />
    <comppin designator="2" sympin="2" pinswap="0" gateswap="0" gate="1" group="1" side="" type="Any" name="-" />
    <attached_symbol gate="1" name="25SVPF47M" />
    <pinmap designator="1" footprintpin="1" />
    <pinmap designator="2" footprintpin="2" />
    <text name="Datasheet" originx="0" originy="0" style="Default" rotation="0" justify="" flipped="False" hidden="True" data="http://industrial.panasonic.com/cdbs/www-data/pdf/AAB8000/AAB8000C177.pdf" />
    <text name="Description" originx="0" originy="0" style="Default" rotation="0" justify="" flipped="False" hidden="True" data="Panasonic 47uF 25 V dc Polymer Aluminium Electrolytic Capacitor C6, OS-CON Series 5000h 6.3 x 5.9mm" />
    <text name="Manufacturer_Name" originx="0" originy="0" style="Default" rotation="0" justify="" flipped="False" hidden="True" data="Panasonic" />
    <text name="Manufacturer_Part_Number" originx="350" originy="150" style="Default" rotation="0" justify="left" flipped="False" hidden="False" data="25SVPF47M" />
    <text name="Mouser Part Number" originx="0" originy="0" style="Default" rotation="0" justify="" flipped="False" hidden="True" data="667-25SVPF47M" />
    <text name="Mouser Price/Stock" originx="0" originy="0" style="Default" rotation="0" justify="" flipped="False" hidden="True" data="https://www.mouser.co.uk/ProductDetail/Panasonic/25SVPF47M?qs=OE1iw1LrrPH6vnYaLYl%2FJw%3D%3D" />
    <text name="Arrow Part Number" originx="0" originy="0" style="Default" rotation="0" justify="" flipped="False" hidden="True" data="25SVPF47M" />
    <text name="Arrow Price/Stock" originx="0" originy="0" style="Default" rotation="0" justify="" flipped="False" hidden="True" data="https://www.arrow.com/en/products/25svpf47m/panasonic?region=nac" />
  </component>
</quadcept_library>
