<?xml version="1.0" encoding="utf-8"?>
<!--/921593/877297/2.50/2/2/Resistor/-->
<quadcept_library>
  <setting unit="mil" />
  <textstyle name="Default" height="47.244094488189" strokewidth="7.8740157480315" charwidth="47.244094488189" />
  <textstyle name="Dimension" height="19.6850393700787" strokewidth="0" charwidth="19.6850393700787" />
  <textstyle name="H127W0635TH00762" height="50" strokewidth="3" charwidth="25" />
  <textstyle name="H15W15TH02" height="59.0551181102362" strokewidth="7.8740157480315" charwidth="59.0551181102362" />
  <padstyle name="r50_47.5" surface="True" plated="False" isvia="False" nopaste="False" nomask="True" complex="False" holesize="0">
    <padshape layer="TOP" shape="rectangle" width="18.700787401575" height="19.685039370078" />
    <padshape layer="TOP_SOLDER_MASK" shape="rectangle" width="26.574803149606" height="27.55905511811" />
    <padshape layer="TOP_SOLDER_PASTE" shape="rectangle" width="18.700787401575" height="19.685039370078" />
  </padstyle>
  <footprint name="ERJ2RKD1004X" originx="0" originy="0" pickpointx="0" pickpointy="0">
    <pcbpin number="1" name="1" style="r50_47.5" originx="-20.15748031496" originy="0" rotation="0" />
    <pcbpin number="2" name="2" style="r50_47.5" originx="20.15748031496" originy="0" rotation="0" />
    <line layer="TOP_PLACE_BOUND" originx="-46.259842519684" originy="21.653543307086" endx="46.259842519684" endy="21.653543307086" width="1.9685039370079" />
    <line layer="TOP_PLACE_BOUND" originx="46.259842519684" originy="21.653543307086" endx="46.259842519684" endy="-21.653543307086" width="1.9685039370079" />
    <line layer="TOP_PLACE_BOUND" originx="46.259842519684" originy="-21.653543307086" endx="-46.259842519684" endy="-21.653543307086" width="1.9685039370079" />
    <line layer="TOP_PLACE_BOUND" originx="-46.259842519684" originy="-21.653543307086" endx="-46.259842519684" endy="21.653543307086" width="1.9685039370079" />
    <line layer="TOP_ASSEMBLY" originx="-19.685039370078" originy="9.8425196850392" endx="19.685039370078" endy="9.8425196850392" width="3.9370078740157" />
    <line layer="TOP_ASSEMBLY" originx="19.685039370078" originy="9.8425196850392" endx="19.685039370078" endy="-9.8425196850392" width="3.9370078740157" />
    <line layer="TOP_ASSEMBLY" originx="19.685039370078" originy="-9.8425196850392" endx="-19.685039370078" endy="-9.8425196850392" width="3.9370078740157" />
    <line layer="TOP_ASSEMBLY" originx="-19.685039370078" originy="-9.8425196850392" endx="-19.685039370078" endy="9.8425196850392" width="3.9370078740157" />
    <line layer="TOP_SILKSCREEN" originx="-37.401574803149" originy="0.98425196850393" endx="-37.401574803149" endy="0.98425196850393" width="1.9685039370079" />
    <arc layer="TOP_SILKSCREEN" originx="-37.401574803149" originy="0" startangle="90.0" sweepangle="180.0" radius="0.98425196850393" width="1.9685039370079" />
    <line layer="TOP_SILKSCREEN" originx="-37.401574803149" originy="-0.98425196850393" endx="-37.401574803149" endy="-0.98425196850393" width="1.9685039370079" />
    <arc layer="TOP_SILKSCREEN" originx="-37.401574803149" originy="0" startangle="-90.0" sweepangle="180.0" radius="0.98425196850393" width="1.9685039370079" />
  </footprint>
  <symbol name="ERJ-2RKF2400X" originx="0" originy="0">
    <line originx="200" originy="50" endx="500" endy="50" width="0" />
    <line originx="500" originy="-50" endx="500" endy="50" width="0" />
    <line originx="500" originy="-50" endx="200" endy="-50" width="0" />
    <line originx="200" originy="50" endx="200" endy="-50" width="0" />
    <sympin number="1" originx="200" originy="0" rotation="180" length="100" width="7.8740157480315" flipped="False">
      <text name="pinname" originx="0" originy="-10" style="Default" rotation="0" justify="upperleft" flipped="False" hidden="True" data="1" />
      <text name="pindes" originx="0" originy="10" style="Default" rotation="0" justify="lowerleft" flipped="False" hidden="False" data="1" />
    </sympin>
    <sympin number="2" originx="500" originy="0" rotation="0" length="100" width="7.8740157480315" flipped="False">
      <text name="pinname" originx="700" originy="-10" style="Default" rotation="0" justify="upperright" flipped="False" hidden="True" data="2" />
      <text name="pindes" originx="700" originy="10" style="Default" rotation="0" justify="lowerright" flipped="False" hidden="False" data="2" />
    </sympin>
  </symbol>
  <component name="ERJ-2RKF2400X" designatorprefix="R" height="15.748031496063" footprint="ERJ2RKD1004X">
    <comppin designator="1" sympin="1" pinswap="0" gateswap="0" gate="1" group="1" side="" type="Any" name="1" />
    <comppin designator="2" sympin="2" pinswap="0" gateswap="0" gate="1" group="1" side="" type="Any" name="2" />
    <attached_symbol gate="1" name="ERJ-2RKF2400X" />
    <pinmap designator="1" footprintpin="1" />
    <pinmap designator="2" footprintpin="2" />
    <text name="Datasheet" originx="0" originy="0" style="Default" rotation="0" justify="" flipped="False" hidden="True" data="https://industrial.panasonic.com/cdbs/www-data/pdf/RDA0000/AOA0000C86.pdf" />
    <text name="Description" originx="0" originy="0" style="Default" rotation="0" justify="" flipped="False" hidden="True" data="Thick Film Resistors - SMD 0402 240ohms 1% AEC-Q200" />
    <text name="Manufacturer_Name" originx="0" originy="0" style="Default" rotation="0" justify="" flipped="False" hidden="True" data="Panasonic" />
    <text name="Manufacturer_Part_Number" originx="550" originy="150" style="Default" rotation="0" justify="left" flipped="False" hidden="False" data="ERJ-2RKF2400X" />
    <text name="Mouser Part Number" originx="0" originy="0" style="Default" rotation="0" justify="" flipped="False" hidden="True" data="667-ERJ-2RKF2400X" />
    <text name="Mouser Price/Stock" originx="0" originy="0" style="Default" rotation="0" justify="" flipped="False" hidden="True" data="https://www.mouser.co.uk/ProductDetail/Panasonic/ERJ-2RKF2400X?qs=YMBIwoNQYdU72k3QMprnfQ%3D%3D" />
    <text name="Arrow Part Number" originx="0" originy="0" style="Default" rotation="0" justify="" flipped="False" hidden="True" data="ERJ-2RKF2400X" />
    <text name="Arrow Price/Stock" originx="0" originy="0" style="Default" rotation="0" justify="" flipped="False" hidden="True" data="https://www.arrow.com/en/products/erj-2rkf2400x/panasonic?region=nac" />
  </component>
</quadcept_library>
