<?xml version="1.0" encoding="utf-8"?>
<!--/549562/877297/2.50/3/4/Undefined or Miscellaneous/-->
<quadcept_library>
  <setting unit="mil" />
  <textstyle name="Default" height="47.244094488189" strokewidth="7.8740157480315" charwidth="47.244094488189" />
  <textstyle name="Dimension" height="19.6850393700787" strokewidth="0" charwidth="19.6850393700787" />
  <textstyle name="H127W0635TH00762" height="50" strokewidth="3" charwidth="25" />
  <textstyle name="H15W15TH02" height="59.0551181102362" strokewidth="7.8740157480315" charwidth="59.0551181102362" />
  <padstyle name="r508_279" surface="True" plated="False" isvia="False" nopaste="False" nomask="True" complex="False" holesize="0">
    <padshape layer="TOP" shape="rectangle" width="109.84251968504" height="200" />
    <padshape layer="TOP_SOLDER_MASK" shape="rectangle" width="117.71653543307" height="207.87401574803" />
    <padshape layer="TOP_SOLDER_PASTE" shape="rectangle" width="109.84251968504" height="200" />
  </padstyle>
  <padstyle name="c1778" surface="True" plated="False" isvia="False" nopaste="False" nomask="True" complex="False" holesize="0">
    <padshape layer="TOP" shape="round" width="699.99999999999" height="699.99999999999" />
    <padshape layer="TOP_SOLDER_MASK" shape="round" width="707.87401574802" height="707.87401574802" />
    <padshape layer="TOP_SOLDER_PASTE" shape="round" width="699.99999999999" height="699.99999999999" />
  </padstyle>
  <footprint name="BK912TR" originx="0" originy="0" pickpointx="0" pickpointy="0">
    <pcbpin number="1" name="1" style="r508_279" originx="-432.48031496062" originy="0" rotation="0" />
    <pcbpin number="2" name="2" style="r508_279" originx="432.48031496062" originy="0" rotation="0" />
    <pcbpin number="3" name="3" style="c1778" originx="0" originy="0" rotation="90" />
    <line layer="TOP_ASSEMBLY" originx="-449.99999999999" originy="-300" endx="449.99999999999" endy="-300" width="7.8740157480314" />
    <line layer="TOP_ASSEMBLY" originx="449.99999999999" originy="-300" endx="449.99999999999" endy="300" width="7.8740157480314" />
    <line layer="TOP_ASSEMBLY" originx="449.99999999999" originy="300" endx="-449.99999999999" endy="300" width="7.8740157480314" />
    <line layer="TOP_ASSEMBLY" originx="-449.99999999999" originy="300" endx="-449.99999999999" endy="-300" width="7.8740157480314" />
    <line layer="TOP_SILKSCREEN" originx="-449.99999999999" originy="127.95275590551" endx="-449.99999999999" endy="127.95275590551" width="3.9370078740157" />
    <line layer="TOP_SILKSCREEN" originx="-449.99999999999" originy="127.95275590551" endx="-449.99999999999" endy="300" width="3.9370078740157" />
    <line layer="TOP_SILKSCREEN" originx="-449.99999999999" originy="300" endx="-449.99999999999" endy="300" width="3.9370078740157" />
    <line layer="TOP_SILKSCREEN" originx="-449.99999999999" originy="300" endx="-449.99999999999" endy="127.95275590551" width="3.9370078740157" />
    <line layer="TOP_SILKSCREEN" originx="-449.99999999999" originy="300" endx="-216.53543307086" endy="300" width="3.9370078740157" />
    <line layer="TOP_SILKSCREEN" originx="-216.53543307086" originy="300" endx="-216.53543307086" endy="300" width="3.9370078740157" />
    <line layer="TOP_SILKSCREEN" originx="-216.53543307086" originy="300" endx="-449.99999999999" endy="300" width="3.9370078740157" />
    <line layer="TOP_SILKSCREEN" originx="-449.99999999999" originy="300" endx="-449.99999999999" endy="300" width="3.9370078740157" />
    <line layer="TOP_SILKSCREEN" originx="216.53543307086" originy="300" endx="449.99999999999" endy="300" width="3.9370078740157" />
    <line layer="TOP_SILKSCREEN" originx="449.99999999999" originy="300" endx="449.99999999999" endy="300" width="3.9370078740157" />
    <line layer="TOP_SILKSCREEN" originx="449.99999999999" originy="300" endx="216.53543307086" endy="300" width="3.9370078740157" />
    <line layer="TOP_SILKSCREEN" originx="216.53543307086" originy="300" endx="216.53543307086" endy="300" width="3.9370078740157" />
    <line layer="TOP_SILKSCREEN" originx="449.99999999999" originy="300" endx="449.99999999999" endy="300" width="3.9370078740157" />
    <line layer="TOP_SILKSCREEN" originx="449.99999999999" originy="300" endx="449.99999999999" endy="127.95275590551" width="3.9370078740157" />
    <line layer="TOP_SILKSCREEN" originx="449.99999999999" originy="127.95275590551" endx="449.99999999999" endy="127.95275590551" width="3.9370078740157" />
    <line layer="TOP_SILKSCREEN" originx="449.99999999999" originy="127.95275590551" endx="449.99999999999" endy="300" width="3.9370078740157" />
    <line layer="TOP_SILKSCREEN" originx="449.99999999999" originy="-127.95275590551" endx="449.99999999999" endy="-127.95275590551" width="3.9370078740157" />
    <line layer="TOP_SILKSCREEN" originx="449.99999999999" originy="-127.95275590551" endx="449.99999999999" endy="-300" width="3.9370078740157" />
    <line layer="TOP_SILKSCREEN" originx="449.99999999999" originy="-300" endx="449.99999999999" endy="-300" width="3.9370078740157" />
    <line layer="TOP_SILKSCREEN" originx="449.99999999999" originy="-300" endx="449.99999999999" endy="-127.95275590551" width="3.9370078740157" />
    <line layer="TOP_SILKSCREEN" originx="449.99999999999" originy="-300" endx="226.3779527559" endy="-300" width="3.9370078740157" />
    <line layer="TOP_SILKSCREEN" originx="226.3779527559" originy="-300" endx="226.3779527559" endy="-300" width="3.9370078740157" />
    <line layer="TOP_SILKSCREEN" originx="226.3779527559" originy="-300" endx="449.99999999999" endy="-300" width="3.9370078740157" />
    <line layer="TOP_SILKSCREEN" originx="449.99999999999" originy="-300" endx="449.99999999999" endy="-300" width="3.9370078740157" />
    <line layer="TOP_SILKSCREEN" originx="-226.3779527559" originy="-300" endx="-449.99999999999" endy="-300" width="3.9370078740157" />
    <line layer="TOP_SILKSCREEN" originx="-449.99999999999" originy="-300" endx="-449.99999999999" endy="-300" width="3.9370078740157" />
    <line layer="TOP_SILKSCREEN" originx="-449.99999999999" originy="-300" endx="-226.3779527559" endy="-300" width="3.9370078740157" />
    <line layer="TOP_SILKSCREEN" originx="-226.3779527559" originy="-300" endx="-226.3779527559" endy="-300" width="3.9370078740157" />
    <line layer="TOP_SILKSCREEN" originx="-449.99999999999" originy="-300" endx="-449.99999999999" endy="-300" width="3.9370078740157" />
    <line layer="TOP_SILKSCREEN" originx="-449.99999999999" originy="-300" endx="-449.99999999999" endy="-137.79527559055" width="3.9370078740157" />
    <line layer="TOP_SILKSCREEN" originx="-449.99999999999" originy="-137.79527559055" endx="-449.99999999999" endy="-137.79527559055" width="3.9370078740157" />
    <line layer="TOP_SILKSCREEN" originx="-449.99999999999" originy="-137.79527559055" endx="-449.99999999999" endy="-300" width="3.9370078740157" />
    <line layer="TOP_PLACE_BOUND" originx="-566.92913385826" originy="389.37007874015" endx="526.7716535433" endy="389.37007874015" width="3.9370078740157" />
    <line layer="TOP_PLACE_BOUND" originx="526.7716535433" originy="389.37007874015" endx="526.7716535433" endy="-389.37007874015" width="3.9370078740157" />
    <line layer="TOP_PLACE_BOUND" originx="526.7716535433" originy="-389.37007874015" endx="-566.92913385826" endy="-389.37007874015" width="3.9370078740157" />
    <line layer="TOP_PLACE_BOUND" originx="-566.92913385826" originy="-389.37007874015" endx="-566.92913385826" endy="389.37007874015" width="3.9370078740157" />
    <line layer="TOP_SILKSCREEN" originx="-527.5590551181" originy="35.433070866141" endx="-527.5590551181" endy="35.433070866141" width="7.8740157480314" />
    <arc layer="TOP_SILKSCREEN" originx="-525.5905511811" originy="35.433070866141" startangle="180.0" sweepangle="180.0" radius="1.9685039370078" width="7.8740157480314" />
    <line layer="TOP_SILKSCREEN" originx="-523.62204724409" originy="35.433070866141" endx="-523.62204724409" endy="35.433070866141" width="7.8740157480314" />
    <arc layer="TOP_SILKSCREEN" originx="-525.5905511811" originy="35.433070866141" startangle=".0" sweepangle="180.0" radius="1.9685039370078" width="7.8740157480314" />
    <line layer="TOP_SILKSCREEN" originx="-527.5590551181" originy="35.433070866141" endx="-527.5590551181" endy="35.433070866141" width="7.8740157480314" />
    <arc layer="TOP_SILKSCREEN" originx="-525.5905511811" originy="35.433070866141" startangle="180.0" sweepangle="180.0" radius="1.9685039370078" width="7.8740157480314" />
  </footprint>
  <symbol name="BK-912-TR" originx="0" originy="0">
    <line originx="200" originy="100" endx="700" endy="100" width="0" />
    <line originx="700" originy="-300" endx="700" endy="100" width="0" />
    <line originx="700" originy="-300" endx="200" endy="-300" width="0" />
    <line originx="200" originy="100" endx="200" endy="-300" width="0" />
    <sympin number="1" originx="200" originy="0" rotation="180" length="100" width="7.8740157480315" flipped="False">
      <text name="pinname" originx="230" originy="0" style="Default" rotation="0" justify="left" flipped="False" hidden="False" data="+_1" />
      <text name="pindes" originx="140" originy="20" style="Default" rotation="0" justify="lowerright" flipped="False" hidden="False" data="1" />
    </sympin>
    <sympin number="2" originx="200" originy="-200" rotation="180" length="100" width="7.8740157480315" flipped="False">
      <text name="pinname" originx="230" originy="-200" style="Default" rotation="0" justify="left" flipped="False" hidden="False" data="+_2" />
      <text name="pindes" originx="140" originy="-180" style="Default" rotation="0" justify="lowerright" flipped="False" hidden="False" data="2" />
    </sympin>
    <sympin number="3" originx="200" originy="-100" rotation="180" length="100" width="7.8740157480315" flipped="False">
      <text name="pinname" originx="230" originy="-100" style="Default" rotation="0" justify="left" flipped="False" hidden="False" data="-" />
      <text name="pindes" originx="140" originy="-80" style="Default" rotation="0" justify="lowerright" flipped="False" hidden="False" data="3" />
    </sympin>
  </symbol>
  <component name="BK-912-TR" designatorprefix="U" height="170.07874015748" footprint="BK912TR">
    <comppin designator="1" sympin="1" pinswap="0" gateswap="0" gate="1" group="1" side="" type="Any" name="+_1" />
    <comppin designator="2" sympin="2" pinswap="0" gateswap="0" gate="1" group="1" side="" type="Any" name="+_2" />
    <comppin designator="3" sympin="3" pinswap="0" gateswap="0" gate="1" group="1" side="" type="Any" name="-" />
    <attached_symbol gate="1" name="BK-912-TR" />
    <pinmap designator="1" footprintpin="1" />
    <pinmap designator="2" footprintpin="2" />
    <pinmap designator="3" footprintpin="3" />
    <text name="Datasheet" originx="0" originy="0" style="Default" rotation="0" justify="" flipped="False" hidden="True" data="https://www.memoryprotectiondevices.com/datasheets/BK-912-datasheet.pdf" />
    <text name="Description" originx="0" originy="0" style="Default" rotation="0" justify="" flipped="False" hidden="True" data="BATTERY RETAINER COIN 20MM SMD" />
    <text name="Manufacturer_Name" originx="0" originy="0" style="Default" rotation="0" justify="" flipped="False" hidden="True" data="Memory Protection Devices" />
    <text name="Manufacturer_Part_Number" originx="750" originy="200" style="Default" rotation="0" justify="left" flipped="False" hidden="False" data="BK-912-TR" />
    <text name="Mouser Part Number" originx="0" originy="0" style="Default" rotation="0" justify="" flipped="False" hidden="True" data="" />
    <text name="Mouser Price/Stock" originx="0" originy="0" style="Default" rotation="0" justify="" flipped="False" hidden="True" data="" />
    <text name="Arrow Part Number" originx="0" originy="0" style="Default" rotation="0" justify="" flipped="False" hidden="True" data="" />
    <text name="Arrow Price/Stock" originx="0" originy="0" style="Default" rotation="0" justify="" flipped="False" hidden="True" data="" />
  </component>
</quadcept_library>
