<?xml version="1.0" encoding="utf-8"?>
<!--/391649/877297/2.50/2/2/Capacitor Polarised/-->
<quadcept_library>
  <setting unit="mil" />
  <textstyle name="Default" height="47.244094488189" strokewidth="7.8740157480315" charwidth="47.244094488189" />
  <textstyle name="Dimension" height="19.6850393700787" strokewidth="0" charwidth="19.6850393700787" />
  <textstyle name="H127W0635TH00762" height="50" strokewidth="3" charwidth="25" />
  <textstyle name="H15W15TH02" height="59.0551181102362" strokewidth="7.8740157480315" charwidth="59.0551181102362" />
  <padstyle name="r300_160" surface="True" plated="False" isvia="False" nopaste="False" nomask="True" complex="False" holesize="0">
    <padshape layer="TOP" shape="rectangle" width="62.992125984251" height="118.11023622047" />
    <padshape layer="TOP_SOLDER_MASK" shape="rectangle" width="70.866141732283" height="125.9842519685" />
    <padshape layer="TOP_SOLDER_PASTE" shape="rectangle" width="62.992125984251" height="118.11023622047" />
  </padstyle>
  <footprint name="16SVF82M" originx="0" originy="0" pickpointx="0" pickpointy="0">
    <pcbpin number="1" name="1" style="r300_160" originx="-86.614173228345" originy="0" rotation="90" />
    <pcbpin number="2" name="2" style="r300_160" originx="86.614173228345" originy="0" rotation="90" />
    <line layer="TOP_PLACE_BOUND" originx="-185.03937007874" originy="143.70078740157" endx="185.03937007874" endy="143.70078740157" width="3.9370078740157" />
    <line layer="TOP_PLACE_BOUND" originx="185.03937007874" originy="143.70078740157" endx="185.03937007874" endy="-143.70078740157" width="3.9370078740157" />
    <line layer="TOP_PLACE_BOUND" originx="185.03937007874" originy="-143.70078740157" endx="-185.03937007874" endy="-143.70078740157" width="3.9370078740157" />
    <line layer="TOP_PLACE_BOUND" originx="-185.03937007874" originy="-143.70078740157" endx="-185.03937007874" endy="143.70078740157" width="3.9370078740157" />
    <line layer="TOP_SILKSCREEN" originx="-169.29133858268" originy="0" endx="-169.29133858268" endy="0" width="7.8740157480314" />
    <arc layer="TOP_SILKSCREEN" originx="-171.25984251968" originy="0" startangle=".0" sweepangle="180.0" radius="1.9685039370079" width="7.8740157480314" />
    <line layer="TOP_SILKSCREEN" originx="-173.22834645669" originy="0" endx="-173.22834645669" endy="0" width="7.8740157480314" />
    <arc layer="TOP_SILKSCREEN" originx="-171.25984251968" originy="0" startangle="-180.0" sweepangle="180.0" radius="1.9685039370079" width="7.8740157480314" />
    <line layer="TOP_SILKSCREEN" originx="-169.29133858268" originy="0" endx="-169.29133858268" endy="0" width="7.8740157480314" />
    <arc layer="TOP_SILKSCREEN" originx="-171.25984251968" originy="0" startangle=".0" sweepangle="180.0" radius="1.9685039370079" width="7.8740157480314" />
    <line layer="TOP_ASSEMBLY" originx="-104.33070866142" originy="47.244094488188" endx="-104.33070866142" endy="70.866141732283" width="3.9370078740157" />
    <line layer="TOP_ASSEMBLY" originx="-104.33070866142" originy="70.866141732283" endx="-70.866141732283" endy="104.33070866142" width="3.9370078740157" />
    <line layer="TOP_ASSEMBLY" originx="-70.866141732283" originy="104.33070866142" endx="104.33070866142" endy="104.33070866142" width="3.9370078740157" />
    <line layer="TOP_ASSEMBLY" originx="104.33070866142" originy="104.33070866142" endx="104.33070866142" endy="-104.33070866142" width="3.9370078740157" />
    <line layer="TOP_ASSEMBLY" originx="104.33070866142" originy="-104.33070866142" endx="-70.866141732283" endy="-104.33070866142" width="3.9370078740157" />
    <line layer="TOP_ASSEMBLY" originx="-70.866141732283" originy="-104.33070866142" endx="-104.33070866142" endy="-70.866141732283" width="3.9370078740157" />
    <line layer="TOP_ASSEMBLY" originx="-104.33070866142" originy="-70.866141732283" endx="-104.33070866142" endy="47.244094488188" width="3.9370078740157" />
    <line layer="TOP_SILKSCREEN" originx="-104.33070866142" originy="47.244094488188" endx="-104.33070866142" endy="70.866141732283" width="7.8740157480314" />
    <line layer="TOP_SILKSCREEN" originx="-104.33070866142" originy="70.866141732283" endx="-70.866141732283" endy="104.33070866142" width="7.8740157480314" />
    <line layer="TOP_SILKSCREEN" originx="-70.866141732283" originy="104.33070866142" endx="104.33070866142" endy="104.33070866142" width="7.8740157480314" />
    <line layer="TOP_SILKSCREEN" originx="104.33070866142" originy="104.33070866142" endx="104.33070866142" endy="47.244094488188" width="7.8740157480314" />
    <line layer="TOP_SILKSCREEN" originx="-104.33070866142" originy="-47.244094488188" endx="-104.33070866142" endy="-70.866141732283" width="7.8740157480314" />
    <line layer="TOP_SILKSCREEN" originx="-104.33070866142" originy="-70.866141732283" endx="-70.866141732283" endy="-104.33070866142" width="7.8740157480314" />
    <line layer="TOP_SILKSCREEN" originx="-70.866141732283" originy="-104.33070866142" endx="104.33070866142" endy="-104.33070866142" width="7.8740157480314" />
    <line layer="TOP_SILKSCREEN" originx="104.33070866142" originy="-104.33070866142" endx="104.33070866142" endy="-47.244094488188" width="7.8740157480314" />
  </footprint>
  <symbol name="10SVPC68MV" originx="0" originy="0">
    <line originx="200" originy="100" endx="200" endy="-100" width="0" />
    <line originx="230" originy="-100" endx="200" endy="-100" width="0" />
    <line originx="230" originy="-100" endx="230" endy="100" width="0" />
    <line originx="200" originy="100" endx="230" endy="100" width="0" />
    <line originx="180" originy="50" endx="140" endy="50" width="0" />
    <line originx="160" originy="70" endx="160" endy="30" width="0" />
    <line originx="100" originy="0" endx="200" endy="0" width="0" />
    <line originx="300" originy="0" endx="400" endy="0" width="0" />
    <sympin number="1" originx="100" originy="0" rotation="180" length="100" width="7.8740157480315" flipped="False">
      <text name="pinname" originx="0" originy="-10" style="Default" rotation="0" justify="upperleft" flipped="False" hidden="True" data="+" />
      <text name="pindes" originx="0" originy="10" style="Default" rotation="0" justify="lowerleft" flipped="False" hidden="False" data="1" />
    </sympin>
    <sympin number="2" originx="400" originy="0" rotation="0" length="100" width="7.8740157480315" flipped="False">
      <text name="pinname" originx="500" originy="-10" style="Default" rotation="0" justify="upperright" flipped="False" hidden="True" data="-" />
      <text name="pindes" originx="500" originy="10" style="Default" rotation="0" justify="lowerright" flipped="False" hidden="False" data="2" />
    </sympin>
    <polygon type="polygon">
      <point x="300" y="100" />
      <point x="300" y="-100" />
      <point x="270" y="-100" />
      <point x="270" y="100" />
    </polygon>
  </symbol>
  <component name="10SVPC68MV" designatorprefix="C" height="236.22047244094" footprint="16SVF82M">
    <comppin designator="1" sympin="1" pinswap="0" gateswap="0" gate="1" group="1" side="" type="Any" name="+" />
    <comppin designator="2" sympin="2" pinswap="0" gateswap="0" gate="1" group="1" side="" type="Any" name="-" />
    <attached_symbol gate="1" name="10SVPC68MV" />
    <pinmap designator="1" footprintpin="1" />
    <pinmap designator="2" footprintpin="2" />
    <text name="Datasheet" originx="0" originy="0" style="Default" rotation="0" justify="" flipped="False" hidden="True" data="http://industrial.panasonic.com/cdbs/www-data/pdf/AAB8000/AAB8000C256.pdf" />
    <text name="Description" originx="0" originy="0" style="Default" rotation="0" justify="" flipped="False" hidden="True" data="Panasonic 68uF Polymer Capacitor 10V dc, Surface Mount - 10SVPC68MV" />
    <text name="Manufacturer_Name" originx="0" originy="0" style="Default" rotation="0" justify="" flipped="False" hidden="True" data="Panasonic" />
    <text name="Manufacturer_Part_Number" originx="350" originy="150" style="Default" rotation="0" justify="left" flipped="False" hidden="False" data="10SVPC68MV" />
    <text name="Mouser Part Number" originx="0" originy="0" style="Default" rotation="0" justify="" flipped="False" hidden="True" data="667-10SVPC68MV" />
    <text name="Mouser Price/Stock" originx="0" originy="0" style="Default" rotation="0" justify="" flipped="False" hidden="True" data="https://www.mouser.com/Search/Refine.aspx?Keyword=667-10SVPC68MV" />
    <text name="Arrow Part Number" originx="0" originy="0" style="Default" rotation="0" justify="" flipped="False" hidden="True" data="10SVPC68MV" />
    <text name="Arrow Price/Stock" originx="0" originy="0" style="Default" rotation="0" justify="" flipped="False" hidden="True" data="https://www.arrow.com/en/products/10svpc68mv/panasonic" />
  </component>
</quadcept_library>
